name,line
Participant,<synch>
Ellie,IntroV4Confirmation (hi i'm ellie thanks for coming in today i was created to talk to people in a safe and secure environment i'm not a therapist but i'm here to learn about people and would love to learn about you i'll ask a few questions to get us started and please feel free to tell me anything your answers are totally confidential are you ok with this)
Participant,yes
Ellie,okay_confirm (okay)
Ellie,how_doingV (so how are you doing today)
Participant,doing pretty good thank you
Ellie,thats_good (that's good)
Ellie,where_originally (where are you from originally)
Participant,maryland
Ellie,really (really)
Participant,yes
Ellie,when_LA (when did you move to l_a)
Participant,eighty five
Participant,yeah
Ellie,long_time (that's a long time)
Participant,yeah it is a long time
Ellie,often_backB (how often do you go back to your hometown)
Participant,um not as often as i'd like
Ellie,why2 (why)
Participant,um out of work so you know the money issue
Ellie,understand (i understand)
Participant,yeah
Ellie,compares_LA (how does it compare to l_a)
Participant,um
Participant,maryland
Participant,uh is different
Participant,it and so the comparison is
Participant,the only comparison is that um they're both cities
Participant,but uh
Participant,maryland has its flavor and l_a has its own flavor so they have unique you know characteristics about themselves
Ellie,mhm (mhm)
Ellie,why_LA (why did you move to l_a)
Participant,i moved to l_a uh because i was living in hawaii
Participant,and um i was out of money
Participant,and i just had enough for a plane ticket
Participant,uh and come and stay um
Participant,uh here in a hotel until i found a job which i did really quickly but anyway so that's why i came here i didn't wanna go home
Participant,um
Participant,i decided to come here and just start over
Ellie,happy_didthat (are you happy you did that)
Participant,i am i am
Ellie,thats_great (that's great)
Participant,yeah
Ellie,adapted_LA (how easy was it for you to get used to living in l_a)
Participant,um
Participant,it was
Participant,real easy just did it
Ellie,like_about_LA (what are some things you really like about l_a)
Participant,i like i like l_a's weather
Participant,i like uh the different areas in uh los angeles county
Participant,uh west l_a east l_a um
Participant,uh i like southern california
Participant,you know period so
Participant,uh you know i like the people but um
Ellie,uh_huh (uh huh)
Participant,yeah so i like the um
Participant,the
Participant,attitude you know the l_a attitude so yeah
Ellie,dont_like_LA (what are some things you don't really like about l_a)
Participant,um
Participant,i don't like
Participant,um
Participant,i don't like some of the uh policies with regard to
Participant,um uh the smoking you know i really wish that the
Participant,uh
Participant,government would crack down on smoking on the streets make it like u_s_c
Ellie,see_mean (i see what you mean)
Participant,yeah
Ellie,travel_shoes (i'm sure you can tell by my shoes i'm not much of a world explorer do you travel a lot)
Participant,no not outside of uh uh
Participant,getting on the bus and things like that
Ellie,okay_confirm (okay)
Ellie,study (what did you study at school)
Participant,i was studying to be a nurse
Ellie,sounds_interesting (that sounds interesting)
Participant,yeah
Ellie,hard_decision (how did you decide to do that)
Participant,i wanted to uh have a job that pays well
Participant,but uh afforded me um
Participant,the opportunity to use my um service gift
Participant,so yeah
Ellie,uh_huh (uh huh)
Ellie,still_working_on_X (are you still working in that)
Participant,no i had to put that uh
Participant,put that on the side and uh
Participant,i want to get a business degree now
Participant,yeah
Ellie,cool3 (cool)
Participant,<laughter>
Ellie,dream_job (what's your dream job)
Participant,my dream job is um
Participant,is to
Participant,create new technology
Ellie,tell_about_that (can you tell me about that)
Participant,mm other than to say i would like to uh create something that
Participant,would change the world like steve jobs with his iphone
Ellie,thats_good (that's good)
Participant,yeah
Ellie,shyoutgoing (do you consider yourself more shy or outgoing)
Participant,i am it depends on the situation but i'm more outgoing
Participant,i do
Participant,tend towards a little shyness from time to time
Ellie,relax_fishtank (sometimes when i'm feeling tense i turn on the fish tank screensaver hey i know it's not hawaii but it's the best i've got what do you do to relax)
Participant,mhm
Participant,mm
Participant,mm
Participant,<laughter>
Participant,um what i do is i'll go to the movies
Ellie,bouts_symptoms (when was the last time that happened)
Participant,um i went to the movies probably like uh maybe five weeks ago
Participant,yeah
Ellie,okay_confirm (okay)
Ellie,last_argument (when was the last time you argued with someone and what was it about)
Participant,um
Participant,well i had a argument recently not really a argument but a disagreement
Participant,with a woman at my church who um
Participant,is over
Participant,this particular department that i'm in
Participant,and it's a volunteer position uh
Participant,i use my uh administrative assistant um more executive assistant skills
Participant,to uh
Participant,to uh
Participant,i do minutes for meetings that i cover
Participant,and um and so then i have to um produce the minutes and send them to everybody and things like that
Participant,and uh this person um
Participant,is micromanaging me uh but not micromanaging the other
Participant,uh admin assistant who
Participant,did not get her block of people into this particular meeting
Participant,so the meeting should've been comprised of a hundred people
Participant,but we had like maybe thirty no wasn't even thirty twenty
Participant,yes <laughter> so um
Ellie,wow (wow)
Participant,now she doesn't know that i realize you know that part of it
Participant,so um
Participant,there was a little bit of a argument and uh but again not a argument but a disagreement
Participant,and when we talk again i will
Ellie,yeah_downer (yeah)
Participant,point out to um the person that's over both of us that there is a disconnect
Participant,and um the the energy she <sh> she's investing
Participant,uh in me is uh unprofitable
Participant,for what we're trying to achieve
Participant,don't that doesn't that sound good <laughter>
Ellie,see_mean (i see what you mean)
Participant,yeah
Ellie,yeah_downer (yeah)
Ellie,describe_felt (how did you feel in that moment)
Participant,well a little attacked
Participant,you know
Participant,so
Ellie,okay_confirm (okay)
Ellie,control_temper (how are you at controlling your temper)
Participant,it depends on i'm very good at controlling my temper
Participant,it's uh you know there are places where you can
Participant,allow your temper to come out
Participant,even though it might not be appropriate and then there are other places where if it comes out then you shot yourself in the foot
Participant,so uh i'm pretty good at controlling my temper
Ellie,thats_good (that's good)
Participant,yeah
Ellie,situation_handled (tell me about a situation that you wish you had handled differently)
Participant,um
Participant,i don't have any situation
Participant,recent that i can think of um
Participant,probably say
Participant,um
Participant,just dealing with a neighbor uh instead of uh
Participant,uh responding to the neighbor just ignore the neighbor altogether so i wish i had done that differently
Ellie,mhm (mhm)
Participant,yeah
Ellie,hard_decisionB (tell me about the hardest decision you've ever had to make)
Participant,hmm
Participant,thankfully
Participant,i've not had to make that type of decision
Participant,in my life as yet
Ellie,okay_confirm (okay)
Participant,mhm
Ellie,memory_erase (tell me about an event or something that you wish you could erase from your memory)
Participant,hmm
Participant,um
Participant,mm
Participant,i have um
Participant,what i do in my life and and you know in my
Participant,going forward you know um
Participant,everything that
Participant,i've done and everything that has happened
Participant,i
Participant,accept it as something that
Participant,has to be
Participant,to get me to go forward
Participant,uh i am a born again christian and so i know that
Participant,that god is sovereign over my life
Participant,uh and also that according to his word
Participant,the bible says that every day of our life is written in his book
Participant,so events and circumstances
Participant,um
Participant,i feel that i feel they are ordained by god now obviously i'm not going to
Participant,um jump into a
Participant,burning fire or do anything ridiculous
Participant,but um
Ellie,right2 (right)
Participant,i feel that things that had happened <hap> that have happened even if i've dealt with them the wrong way
Participant,uh it's god's
Participant,sovereignty <s> his
Participant,total sovereignty has control over that and it will work for my good
Participant,so that's how i feel
Ellie,mm (mm)
Ellie,family_relationship (tell me about your relationship with your family)
Participant,um
Participant,i have all brothers
Participant,and so i'm not really that close with my brothers
Participant,and my mother
Ellie,influence_positive (who's someone that's been a positive influence in your life)
Participant,say that again
Ellie,influence_positive (who's someone that's been a positive influence in your life)
Participant,um people that i've grown up with um
Participant,neighbors from when i've
Participant,uh when i was younger
Participant,uh that i was close to
Participant,um uh
Participant,different friends
Participant,uh that i've had along the way uh friends who
Participant,are more like family
Participant,so yeah
Ellie,mhm (mhm)
Participant,they've had positive influence
Ellie,easy_sleep (how easy is it for you to get a good night's sleep)
Participant,that's i get i sleep too well <laughter>
Participant,so i sleep well every night
Participant,so
Ellie,feel_lately (how have you been feeling lately)
Participant,normal
Participant,but i my normal i've been feeling my normal
Ellie,behavior_changes (have you noticed any changes in your behavior or thoughts lately)
Participant,no
Ellie,ptsd_diagnosed (have you ever been diagnosed with p_t_s_d)
Participant,no
Ellie,depression_diagnosed (have you been diagnosed with depression)
Participant,no
Ellie,happy_lasttime (tell me about the last time you felt really happy)
Participant,um
Participant,that was recent
Participant,something happened um
Participant,i was um able to participate
Participant,um
Participant,with um my church on sunday with <wi> i was a pentecost
Participant,it was pentecost sunday meaning it was fifty days after the resurrection of jesus christ
Participant,and so i was able to participate uh in our prayer
Participant,session that we had at my church and uh that was really
Participant,made me very happy
Participant,so
Ellie,good_hear (that's so good to hear)
Participant,mhm
Ellie,BF_describe (how would your best friend describe you)
Participant,that uh i'm smart they would say that i'm smart
Participant,that uh
Participant,that i handle difficulties very well
Participant,um
Participant,and that i dress well <laughter>
Ellie,wild_laughter3 ((laughter))
Participant,<laughter>
Ellie,self_change (what are some things you wish you could change about yourself)
Participant,um
Participant,i don't wanna change anything
Participant,i do want to just be a better me so be a better person
Participant,uh so um
Participant,i am working on uh listening better
Participant,uh communicating better
Participant,uh and and uh accepting my
Participant,uh
Participant,weaknesses better as well as my strengths
Ellie,okay_confirm (okay)
Ellie,regret (is there anything you regret)
Participant,no
Ellie,advice_back (what advice would you give to yourself ten or twenty years ago)
Participant,mm that's a good question
Participant,i would have uh
Participant,i would've told myself to
Participant,to uh do what i know to do to do what i know
Participant,uh that which is right and um ooh xxx
Participant,uh to do
Participant,what i know is right
Participant,and uh let everything else let
Participant,the other chips fall where they may
Participant,but to do what i know to do is right
Ellie,mhm (mhm)
Participant,and to go forward
Ellie,mm (mm)
Ellie,Ellie17Dec2012_08 (what are you most proud of in your life)
Participant,um
Participant,i am very proud of the fact that
Participant,uh i don't give up
Ellie,asked_everything (okay i think i have asked everything i need to)
Ellie,appreciate_open (thanks for sharing your thoughts with me)
Ellie,bye (goodbye)
Participant,bye and thank you
Participant,see ya'll <laughter>
Participant,<synch>
Ellie,IntroV4Confirmation (hi i'm ellie thanks for coming in today i was created to talk to people in a safe and secure environment i'm not a therapist but i'm here to learn about people and would love to learn about you i'll ask a few questions to get us started and please feel free to tell me anything your answers are totally confidential are you ok with this)
Participant,yes
Ellie,okay_confirm (okay)
Ellie,how_doingV (so how are you doing today)
Participant,huh overwhelmed
Ellie,why2 (why)
Participant,i have a funeral to attend tomorrow i found out from my doctor i got some
Participant,health issues
Ellie,sorry_hear (i'm sorry to hear that)
Ellie,been_hard (that sounds really hard)
Participant,it is hard
Ellie,symptoms_cope (how do you cope with them)
Participant,honey i am just putting one foot in front of the other and just trying to get it done
Ellie,yeah_downer (yeah)
Ellie,difficult (how hard is that)
Participant,like i said i'm overwhelmed but i can't stop doing what i need to do
Ellie,yeah_downer (yeah)
Ellie,where_originally (where are you from originally)
Participant,i am from united states of america i was born here in los angeles
Ellie,like_about_LA (what are some things you really like about l_a)
Participant,oh i love the beach honey i like the weather
Participant,um
Participant,the beach and the weather
Ellie,mhm (mhm)
Ellie,dont_like_LA (what are some things you don't really like about l_a)
Participant,oh the traffic
Participant,and the people
Participant,and this hollywood type image
Ellie,see_mean (i see what you mean)
Ellie,travel_shoes (i'm sure you can tell by my shoes i'm not much of a world explorer do you travel a lot)
Participant,uh not as much as i used to but i've been to europe i went on a
Participant,uh on a cruise um several cruise
Participant,uh been to jamaica canada mexico
Participant,spain morocco um
Participant,london
Ellie,nice (nice)
Participant,portugal <por> portugal yeah
Participant,and i'm going to hawaii in august
Ellie,travel_changed (what do you enjoy about traveling)
Participant,meeting new people and just seeing new things and just
Participant,assimilating into other people's culture and
Participant,uh customs and traditions
Ellie,travel_trips (i'd love to hear about one of your trips)
Participant,oh the best trip i ever took is when i
Participant,was a student at santa monica college and
Participant,took a trip <tr> uh it was a mediterranean cruise oh my god that was the best time of my life
Ellie,memorableB (what's one of your most memorable experiences)
Participant,oh god um being on that ship
Ellie,describe_felt (how did you feel in that moment)
Participant,i felt electrifying uh fulfilled satisfied
Participant,i felt like um
Participant,i can do it
Participant,and eh and it
Ellie,great_situation (that sounds like a great situation)
Participant,and i it just
Participant,i moved past the fear and just said i'm doing this
Ellie,thats_great (that's great)
Ellie,study (what did you study at school)
Participant,uh i'm in law school i'm xxx gonna i'm gonna be an attorney
Ellie,hard_decision (how did you decide to do that)
Participant,i've always wanted to be an attorney and it's been
Participant,a long time coming
Ellie,dream_job (what's your dream job)
Participant,oh my dream job is to have my own law firm my husband and i
Participant,living in a beach community and
Participant,our friends we know each other the community <communit> the community know <kn> we know each other it's a small town beach community
Participant,having my own law firm working with my husband and
Participant,providing legal services to people
Participant,who are indigent
Ellie,mhm (mhm)
Ellie,shyoutgoing (do you consider yourself more shy or outgoing)
Participant,uh i'm in the middle
Ellie,why2 (why)
Participant,um it's one side of me that just like to withdraw and you know don't wanna be out in the front
Participant,and it's another part of the personality is like oh no we're being in the front we're gonna be seen and eh we're <w> we're constantly in conflict
Ellie,wild_laughter3 ((laughter))
Ellie,understand (i understand)
Ellie,relax_fishtank (sometimes when i'm feeling tense i turn on the fish tank screensaver hey i know it's not hawaii but it's the best i've got what do you do to relax)
Participant,yeah
Participant,oh i get on my bike and ride my bike
Ellie,control_temper (how are you at controlling your temper)
Participant,ooh it depends on what the situation is i need to control that
Ellie,landed_trouble (has that gotten you in trouble)
Participant,mm not trouble but it made it has made people back up off of me
Ellie,last_argument (when was the last time you argued with someone and what was it about)
Participant,oh god when was the last time i really had a argument i don't know it's been awhile um
Participant,argument
Participant,it's been a long time
Participant,that i can't even remember
Ellie,okay_confirm (okay)
Ellie,situation_handled (tell me about a situation that you wish you had handled differently)
Participant,oh god let's see
Participant,<sigh> goodness
Participant,mm
Participant,mm
Participant,oh just dealing with my siblings and my family and
Participant,just trying to diffuse the situation and not get so heated and
Participant,just remain cool and calm and collected
Ellie,give_example (can you give me an example of that)
Participant,oh when my mother passed years ago it was a conflict over her belongings and
Participant,all that stuff and you know it was stressful time and everybody else <el> everybody's emotion was kinda high and
Participant,arguing back and forth and i'm like i'm not doing that
Ellie,yeah_downer (yeah)
Ellie,family_relationship (tell me about your relationship with your family)
Participant,distant <laughter> and the reality <rea> i just i
Participant,it's just amazing that these people no i shouldn't say these people
Participant,that my we grew up in the family <fam> we grew up in the same household and then as we got older you know xxx god takes us on different path
Participant,it's just like who are these people or did i grow up in a household with 'em why <wh> why are they and they may say the same thing about me i don't know i just like to have peaceful living honey
Ellie,mhm (mhm)
Ellie,influence_positive (who's someone that's been a positive influence in your life)
Participant,pardon me
Ellie,influence_positive (who's someone that's been a positive influence in your life)
Participant,oh god positive <po> um uh positive influences
Participant,ooh college professors
Participant,um
Participant,friends
Participant,church members
Participant,um people like that
Ellie,okay_confirm (okay)
Ellie,hard_decisionB (tell me about the hardest decision you've ever had to make)
Participant,ooh god divorce
Participant,should <s> should i continue with my education
Participant,um when my mother was sick to be her primary caretaker put all my dreams and aspirations on hold
Participant,um those have been some doozies
Ellie,Ellie17Dec2012_06 (wow)
Ellie,change_directions (what made you decide to do that)
Participant,well with my mom it's i you only have one mother and when it was over said and done i just wanted to do what was right according
Participant,to what god would want me to do and i didn't wanna
Participant,have any curses over my life but blessings 'cause the bible says honor thy parents
Participant,my mother and father in all thy days so so you can live longer and i wanted
Participant,blessings and not curses
Ellie,memory_erase (tell me about an event or something that you wish you could erase from your memory)
Participant,my marriage <laughter> my marriage
Participant,ugh god that had such a negative influence on my life such a negative impact but in all that it
Participant,taught me
Participant,it made me who i am today
Participant,and i have no animosity
Ellie,mm (mm)
Ellie,easy_sleep (how easy is it for you to get a good night's sleep)
Participant,<sigh> lately it's been so difficult 'cause school and finals and midterms and all that is coming up
Participant,um
Participant,sometimes rather difficult
Ellie,sleep_affects (what are you like when you don't sleep well)
Participant,irritable annoyed
Participant,grouchy
Ellie,feel_lately (how have you been feeling lately)
Participant,well with all this stuff going on with the last week it's been real real real real real crazy
Ellie,see_mean (i see what you mean)
Ellie,symptoms_cope (how do you cope with them)
Participant,god i pray i just i pray i pray i pray i pray lord i pray
Participant,and the one thing that's keeping me kinda like grounded is going to church
Ellie,thats_good (that's good)
Ellie,ptsd_diagnosed (have you ever been diagnosed with p_t_s_d)
Participant,no never
Ellie,depression_diagnosed (have you been diagnosed with depression)
Participant,yeah when i went through that divorce um and my mother passed that i was really depressed
Ellie,symptoms_what (what were your symptoms)
Participant,fatigued tired uh xxx
Participant,xxx
Participant,xxx
Participant,i no matter what i did i couldn't get any enjoyment just
Participant,a feeling of emptiness and loneliness and isolation and
Participant,shock trauma
Participant,hard <har> it was very very very very difficult
Ellie,isee_downer (i see)
Ellie,why_seek_help (what got you to seek help)
Participant,time um
Participant,just time it just took time just to process to
Participant,work its way through
Ellie,therapy_going (do you still go to therapy now)
Participant,no no not at all
Ellie,stop_going (why did you stop)
Participant,just got busy with life stuff
Ellie,therapy_useful (do you feel like therapy is useful)
Participant,yeah i need somebody to talk to <laughter> yes
Ellie,therapist_affect (how has seeing a therapist affected you)
Participant,oh god we i loved my therapist
Participant,uh we talked things out and she gives me a different perspective and she just listened to me
Ellie,thats_good (that's good)
Ellie,happy_lasttime (tell me about the last time you felt really happy)
Participant,oh god
Participant,well there's this guy at church and i really like him and he likes me and he throws kisses at me so
Ellie,aw (aw)
Participant,and he's a
Ellie,BF_describe (how would your best friend describe you)
Participant,oh outgoing um
Participant,determined
Participant,yeah trustworthy
Participant,faithful and loyal
Ellie,mhm (mhm)
Ellie,self_change (what are some things you wish you could change about yourself)
Participant,oh god
Participant,to be more patient
Participant,um
Participant,to be more patient
Ellie,okay_confirm (okay)
Ellie,feelbadly (tell me about a time when someone made you feel really badly about yourself)
Participant,oh my ex-husband he did that on a daily daily thing and i'm just so glad to get rid of him
Ellie,advice_back (what advice would you give to yourself ten or twenty years ago)
Participant,<sigh>
Participant,know your worth
Participant,your value
Participant,and have high self-esteem
Ellie,okay_confirm (okay)
Ellie,ideal_weekendC (tell me how you spend your ideal weekend)
Participant,well now with school in the library with tutors uh
Participant,my outlet is riding my bike or either going swimming
Ellie,Ellie17Dec2012_10 (tell me about something you did recently that you really enjoyed)
Participant,oh a friend of mine um had a c_d release party and me and a excuse me <yawn>
Participant,ooh excuse me and me and another friend got together and we catered the party and it was so nice and they were so happy they were so thankful and grateful so thankful
Participant,and then he invited me on stage 'cause he sings
Participant,and
Participant,i felt so when i got up on stage 'cause i like to sing but i'm so shy in front of people and they're judgmental and they might look at me
Participant,and i got up on that stage and i just i'm like well this <th> is this how this feel this feels good <laughter>
Ellie,yeah2 (yeah)
Ellie,wild_laughter3 ((laughter))
Participant,oh god i aw man
Ellie,nice (nice)
Ellie,awesome (awesome)
Ellie,Ellie17Dec2012_08 (what are you most proud of in your life)
Participant,oh my accomplishments <acc> my accomplishments um
Participant,overcoming 'em one by one
Participant,setting a goal and reaching 'em
Ellie,thats_great (that's great)
Ellie,asked_everything (okay i think i have asked everything i need to)
Participant,okay
Ellie,appreciate_open (thanks for sharing your thoughts with me)
Participant,thank you honey <hon>
Ellie,bye (goodbye)
Participant,bye
Participant,<synch>
Ellie,IntroV4Confirmation (hi i'm ellie thanks for coming in today i was created to talk to people in a safe and secure environment i'm not a therapist but i'm here to learn about people and would love to learn about you i'll ask a few questions to get us started and please feel free to tell me anything your answers are totally confidential are you ok with this)
Participant,yeah
Ellie,okay_confirm (okay)
Ellie,how_doingV (so how are you doing today)
Participant,i'm doing already how are you doing
Ellie,thats_good (that's good)
Ellie,where_originally (where are you from originally)
Participant,northern illinois
Ellie,really (really)
Ellie,when_LA (when did you move to l_a)
Participant,two and a half years ago
Ellie,often_backB (how often do you go back to your hometown)
Participant,haven't yet
Participant,since i been here
Ellie,why2 (why)
Participant,haven't had a chance to gonna go back later this year
Ellie,cool3 (cool)
Ellie,compares_LA (how does it compare to l_a)
Participant,colder
Participant,or warmer
Ellie,see_mean (i see what you mean)
Ellie,why_LA (why did you move to l_a)
Participant,work
Ellie,happy_didthat (are you happy you did that)
Participant,yeah
Ellie,adapted_LA (how easy was it for you to get used to living in l_a)
Participant,mm took a little while but i got used to it
Ellie,tell_about_that (can you tell me about that)
Participant,no weather xxx variations comparative um
Participant,traffic
Participant,sunlight
Ellie,mm (mm)
Ellie,travel_shoes (i'm sure you can tell by my shoes i'm not much of a world explorer do you travel a lot)
Participant,a little bit
Ellie,travel_changed (what do you enjoy about traveling)
Participant,seeing different things
Ellie,travel_trips (i'd love to hear about one of your trips)
Participant,been to europe a couple of times
Participant,been around the country
Ellie,nice (nice)
Ellie,memorableB (what's one of your most memorable experiences)
Participant,<sigh> hmm
Participant,visiting yosemite and sequoia parks were fun
Ellie,cool3 (cool)
Ellie,shyoutgoing (do you consider yourself more shy or outgoing)
Participant,depends on the circumstance most of the time i can fake outgoing or try to be outgoing
Ellie,mhm (mhm)
Ellie,what_do_when_annoyed (what do you do when you are annoyed)
Participant,try to relax and breathe through it and move on
Ellie,control_temper (how are you at controlling your temper)
Participant,depends on the context
Ellie,last_argument (when was the last time you argued with someone and what was it about)
Participant,probably yesterday and my children about them not doing what they were told to do
Ellie,situation_handled (tell me about a situation that you wish you had handled differently)
Participant,arguments with my wife where i should've probably been more patient and understanding
Ellie,give_example (can you give me an example of that)
Participant,hmm
Participant,um
Participant,sometimes when it's more of a hormonal period like this week i should just probably breathe through things and
Participant,recognize that she's going through things and i should just be more patient
Ellie,okay_confirm (okay)
Ellie,hard_decisionB (tell me about the hardest decision you've ever had to make)
Participant,um
Participant,what i was gonna do with my life
Ellie,hard_decision (how did you decide to do that)
Participant,it was easy when i was nineteen i could just decide to do strange difficult things and
Participant,had the boldness to follow through with them
Ellie,study (what did you study at school)
Participant,hebrew and semitic studies and classics
Ellie,sounds_interesting (that sounds interesting)
Ellie,still_working_on_X (are you still working in that)
Participant,kind of
Ellie,dream_job (what's your dream job)
Participant,um i'm i'm in ministry and
Participant,that's working out the way i kinda want it to be
Ellie,thats_good (that's good)
Ellie,memory_erase (tell me about an event or something that you wish you could erase from your memory)
Participant,hmm
Participant,some embarrassing things when i was a teenager probably
Ellie,okay_confirm (okay)
Ellie,family_relationship (tell me about your relationship with your family)
Participant,it's pretty strong
Ellie,family_roleB (how close are you to your family)
Participant,i talk to my parents about once a day maybe
Participant,once every other day and
Participant,i'm constantly talking with my wife and children
Participant,xxx
Ellie,kids_elaborate (tell me about your kids)
Participant,i've got four of them they keep me very busy um they're between
Participant,nine and three
Ellie,easy_parent (do you find it easy to be a parent)
Participant,sometimes most of the time no
Ellie,parent_hardest (what's the hardest thing about being a parent)
Participant,character development recognizing that
Participant,they need <n> need space to grow
Ellie,yeah3 (yeah)
Ellie,parent_best (what's the best thing about being a parent)
Participant,when
Participant,when it works and you see character development and growth and
Participant,and exploration
Ellie,parent_differences (what are some ways that you're different as a parent than your parents)
Participant,i have more standards willingness to enforce standards
Ellie,influence_positive (who's someone that's been a positive influence in your life)
Participant,mm <sigh> mm
Participant,my wife
Ellie,tell_about_that (can you tell me about that)
Participant,um
Participant,she's been there for me for fifteen years now and
Participant,helped give me the self-confidence to be who i am
Ellie,good_hear (that's so good to hear)
Ellie,easy_sleep (how easy is it for you to get a good night's sleep)
Participant,better now that i'm not drinking as much pop at night
Ellie,sleep_affects (what are you like when you don't sleep well)
Participant,irritable
Participant,shorter temper
Ellie,mhm (mhm)
Ellie,feel_lately (how have you been feeling lately)
Participant,mm
Participant,pretty good pretty good i'm doing
Participant,been making some better uh decisions with my uh diet it's doing better
Ellie,thats_great (that's great)
Ellie,behavior_changes (have you noticed any changes in your behavior or thoughts lately)
Participant,<sigh>
Participant,mm
Participant,feel a little bit more empowered not as defeatist as i was in a process where i wasn't eating very well wasn't exercising
Participant,wasn't able to get doing those things i've been doing a little better at that recently past few weeks and that's been a little bit more encouraging
Ellie,uh_huh (uh huh)
Ellie,ptsd_diagnosed (have you ever been diagnosed with p_t_s_d)
Participant,no
Ellie,depression_diagnosed (have you been diagnosed with depression)
Participant,nope
Ellie,happy_lasttime (tell me about the last time you felt really happy)
Participant,really happy um
Participant,probably a few weeks ago at the beach when everybody was having a good time
Ellie,BF_describe (how would your best friend describe you)
Participant,hmm
Participant,confident
Participant,loud
Participant,intelligent
Ellie,okay_confirm (okay)
Participant,i guess
Ellie,self_change (what are some things you wish you could change about yourself)
Participant,hmm more patient
Participant,more um
Participant,more able to
Participant,automatically engage with people as opposed to being hesitant at first
Ellie,mm (mm)
Ellie,feelbadly (tell me about a time when someone made you feel really badly about yourself)
Participant,oh
Participant,middle school when i was always the
Participant,low man on the totem pole socially
Participant,<sniffle>
Participant,being the constant butt of jokes
Ellie,advice_back (what advice would you give to yourself ten or twenty years ago)
Participant,don't fall in the trap of thinking that middle and high school is life
Ellie,mhm (mhm)
Ellie,ideal_weekendC (tell me how you spend your ideal weekend)
Participant,<laughter>
Participant,um some time you know with children and family doing <d> doing some fun activity beach or museum or something
Participant,some time with the wife some time just by myself to read and kinda refocus
Ellie,okay_confirm (okay)
Ellie,Ellie17Dec2012_10 (tell me about something you did recently that you really enjoyed)
Participant,hmm
Participant,mm participate in some high level academic discussions
Ellie,cool3 (cool)
Ellie,Ellie17Dec2012_08 (what are you most proud of in your life)
Participant,hmm
Participant,that i've been able to
Participant,maintain the standard and quality of life for myself and my family that i've been able to do so far
Ellie,thats_great (that's great)
Ellie,asked_everything (okay i think i have asked everything i need to)
Ellie,appreciate_open (thanks for sharing your thoughts with me)
Ellie,bye (goodbye)
Participant,<synch>
Ellie,IntroV4Confirmation (hi i'm ellie thanks for coming in today i was created to talk to people in a safe and secure environment i'm not a therapist but i'm here to learn about people and would love to learn about you i'll ask a few questions to get us started and please feel free to tell me anything your answers are totally confidential are you ok with this)
Participant,yes
Ellie,okay_confirm (okay)
Ellie,how_doingV (so how are you doing today)
Participant,i'm doing well
Participant,thank you
Ellie,thats_good (that's good)
Ellie,where_originally (where are you from originally)
Participant,san luis obispo
Ellie,really (really)
Ellie,when_LA (when did you move to l_a)
Participant,yes
Participant,four years ago
Ellie,often_backB (how often do you go back to your hometown)
Participant,about once a month
Ellie,compares_LA (how does it compare to l_a)
Participant,small quiet
Participant,fresh air
Participant,less people
Participant,it's nice
Ellie,why_LA (why did you move to l_a)
Participant,i went to school in los angeles
Ellie,cool3 (cool)
Participant,<laughter>
Ellie,study (what did you study at school)
Participant,i studied music industry
Ellie,still_working_on_X (are you still working in that)
Participant,yes i work in the music industry
Ellie,awesome (awesome)
Ellie,hard_decision (how did you decide to do that)
Participant,it is a passion of mine and i
Participant,got into school and went with it
Ellie,difficult (how hard is that)
Participant,how hard is what
Ellie,dream_job (what's your dream job)
Participant,<laughter>
Participant,i don't really have a dream job i don't know if that exists
Ellie,okay_confirm (okay)
Participant,actually it's probably changing all the time
Ellie,see_mean (i see what you mean)
Participant,<laughter>
Ellie,shyoutgoing (do you consider yourself more shy or outgoing)
Participant,depends on the situation
Participant,sometimes i'm shy and sometimes i'm outgoing
Ellie,travel_shoes (i'm sure you can tell by my shoes i'm not much of a world explorer do you travel a lot)
Participant,well i can't see your shoes but i like to travel yes
Ellie,travel_changed (what do you enjoy about traveling)
Participant,meeting new people seeing new things
Participant,exploring the landscape
Ellie,travel_trips (i'd love to hear about one of your trips)
Participant,uh i went to alaska
Participant,on a fishing trip
Ellie,nice (nice)
Ellie,memorableB (what's one of your most memorable experiences)
Participant,on that trip
Ellie,mhm (mhm)
Participant,um catching an octopus
Ellie,tell_about_that (can you tell me about that)
Participant,i was deep sea fishing and for halibut
Participant,and rather than catching a halibut
Participant,i lured in a octopus
Ellie,wow (wow)
Ellie,relax_fishtank (sometimes when i'm feeling tense i turn on the fish tank screensaver hey i know it's not hawaii but it's the best i've got what do you do to relax)
Participant,very <laughter>
Participant,<laughter>
Participant,i play golf i swim
Participant,i read
Ellie,uh_huh (uh huh)
Ellie,control_temper (how are you at controlling your temper)
Participant,i'm pretty calm
Ellie,last_argument (when was the last time you argued with someone and what was it about)
Participant,um probably couple days ago but it was
Participant,and it was about
Participant,a musical project that i was involved in
Ellie,describe_felt (how did you feel in that moment)
Participant,i felt heated
Ellie,okay_confirm (okay)
Ellie,feelguilty (what's something you feel guilty about)
Participant,<laughter>
Participant,i'm not quite sure
Ellie,situation_handled (tell me about a situation that you wish you had handled differently)
Participant,i'm not quite sure
Ellie,hmm_downer (hmm)
Ellie,hard_decisionB (tell me about the hardest decision you've ever had to make)
Participant,i'd have to think about that for a while
Ellie,mind (whatever comes to your mind)
Participant,i'm not really sure
Ellie,okay_confirm (okay)
Ellie,memory_erase (tell me about an event or something that you wish you could erase from your memory)
Participant,um
Participant,i had a bad performance one time
Participant,and i wish people who i knew didn't see it
Ellie,why2 (why)
Participant,because we weren't well rehearsed and
Participant,i was embarrassed afterwards
Ellie,see_mean (i see what you mean)
Ellie,family_relationship (tell me about your relationship with your family)
Participant,i have a brother and parents who are divorced
Ellie,family_roleB (how close are you to your family)
Participant,i'm pretty close i see them
Participant,regularly
Participant,talk openly about
Participant,most subjects
Ellie,thats_great (that's great)
Ellie,influence_positive (who's someone that's been a positive influence in your life)
Participant,my brother
Ellie,more (tell me more about that)
Participant,what do you wanna know
Ellie,mind (whatever comes to your mind)
Participant,about my brother
Ellie,uh_huh (uh huh)
Participant,i'm not really sure
Ellie,okay_confirm (okay)
Ellie,easy_sleep (how easy is it for you to get a good night's sleep)
Participant,most of the time it's pretty easy
Ellie,sleep_affects (what are you like when you don't sleep well)
Participant,um
Participant,i drink more coffee to compensate
Ellie,feel_lately (how have you been feeling lately)
Participant,fine
Ellie,behavior_changes (have you noticed any changes in your behavior or thoughts lately)
Participant,no
Ellie,ptsd_diagnosed (have you ever been diagnosed with p_t_s_d)
Participant,what does p_t_s_d stand for
Ellie,depression_diagnosed (have you been diagnosed with depression)
Participant,no i haven't
Ellie,happy_lasttime (tell me about the last time you felt really happy)
Participant,um i'm happy all the time
Participant,<laughter>
Ellie,thats_good (that's good)
Ellie,BF_describe (how would your best friend describe you)
Participant,um ambitious a go-getter
Ellie,mhm (mhm)
Participant,feisty
Ellie,self_change (what are some things you wish you could change about yourself)
Participant,i'm not quite sure
Ellie,feelbadly (tell me about a time when someone made you feel really badly about yourself)
Participant,i can't recall right now
Ellie,okay_confirm (okay)
Ellie,Ellie17Dec2012_10 (tell me about something you did recently that you really enjoyed)
Participant,uh i went to a concert
Participant,saw live music
Participant,drank good beer
Ellie,nice (nice)
Participant,yeah
Participant,<laughter>
Ellie,Ellie17Dec2012_07 (what would you say are some of your best qualities)
Participant,i'm a good listener
Participant,i'm passionate
Participant,and
Participant,i'm alert
Ellie,okay_confirm (okay)
Ellie,regret (is there anything you regret)
Participant,ever
Participant,in regards to what
Ellie,uh_huh (uh huh)
Participant,no i don't i don't i normally don't regret things
Ellie,why2 (why)
Participant,because there's too much else to live for to think about the past
Ellie,see_mean (i see what you mean)
Participant,do you
Participant,<laughter>
Ellie,yeah3 (yeah)
Participant,okay
Ellie,advice_back (what advice would you give to yourself ten or twenty years ago)
Participant,<deep breath>
Participant,what was that question
Ellie,advice_back (what advice would you give to yourself ten or twenty years ago)
Participant,to read more and watch t_v
Participant,watch the computer screen less
Ellie,why2 (why)
Participant,because that makes you
Participant,have attention deficit disorder
Participant,and you focus less on things that are in front of you in real life
Ellie,makes_sense (that makes sense)
Participant,i know
Ellie,ideal_weekendC (tell me how you spend your ideal weekend)
Participant,<laughter>
Participant,i exercise i sleep in late
Participant,i
Participant,go
Participant,golfing from time to time
Participant,i go to concerts i go to bars hang out with friends at the beach it depends
Ellie,okay_confirm (okay)
Ellie,Ellie17Dec2012_08 (what are you most proud of in your life)
Participant,what am i most proud of
Participant,um
Participant,i'm healthy and i understand
Participant,the world around me and i'm
Participant,passionate about
Participant,things that i'm doing and i have goals that i've set that i'm working towards
Ellie,mhm (mhm)
Participant,yeah
Participant,<laughter>
Ellie,asked_everything (okay i think i have asked everything i need to)
Ellie,appreciate_open (thanks for sharing your thoughts with me)
Participant,what was your name
Ellie,name_ellie (i'm ellie)
Participant,that's right
Ellie,bye (goodbye)
Participant,goodbye
Participant,<synch>
Ellie,IntroV4Confirmation (hi i'm ellie thanks for coming in today i was created to talk to people in a safe and secure environment i'm not a therapist but i'm here to learn about people and would love to learn about you i'll ask a few questions to get us started and please feel free to tell me anything your answers are totally confidential are you ok with this)
Participant,yes
Ellie,okay_confirm (okay)
Ellie,how_doingV (so how are you doing today)
Participant,fine
Ellie,thats_good (that's good)
Ellie,where_originally (where are you from originally)
Participant,oh san fernando valley
Ellie,really (really)
Ellie,like_about_LA (what are some things you really like about l_a)
Participant,uh well i really like the culture i love going to museums and being able to go at night and having lots of people around
Ellie,mhm (mhm)
Ellie,dont_like_LA (what are some things you don't really like about l_a)
Participant,it's spread out a lot and it's a pain in the ass to have to drive everywhere and not have a good public transportation system
Ellie,see_mean (i see what you mean)
Ellie,travel_shoes (i'm sure you can tell by my shoes i'm not much of a world explorer do you travel a lot)
Participant,uh not really i like to go camping but i don't really travel
Ellie,bouts_symptoms (when was the last time that happened)
Participant,um i think <sigh> it might've been around six months ago i went on a trip with a geology class
Ellie,nice (nice)
Participant,yeah it was fun
Ellie,memorableB (what's one of your most memorable experiences)
Participant,hmm <sigh>
Participant,i think it's tough to say
Ellie,mind (whatever comes to your mind)
Participant,um well i think the first time i went camping was probably really memorable i went to death valley
Participant,and i got to see a lot of really cool things and hang out with my friends at night
Ellie,awesome (awesome)
Ellie,study (what did you study at school)
Participant,philosophy
Ellie,still_working_on_X (are you still working in that)
Participant,yes
Ellie,hard_decision (how did you decide to do that)
Participant,um
Participant,hmm
Participant,i don't know i think it just sort of happened i wanted to be a journalist for a really long time and then i kind of grew disillusioned with that and i liked
Participant,all the different
Participant,ways or all the different things i could do with philosophy
Ellie,makes_sense (that makes sense)
Ellie,dream_job (what's your dream job)
Participant,huh
Participant,i don't know but i really like children and i really like
Participant,studying their behavior so i think something along those lines might be it
Ellie,okay_confirm (okay)
Ellie,shyoutgoing (do you consider yourself more shy or outgoing)
Participant,i think i'm generally pretty outgoing i tend to be shy around my family but when i'm around friends and stuff i
Participant,i think i'm pretty friendly
Ellie,uh_huh (uh huh)
Ellie,relax_fishtank (sometimes when i'm feeling tense i turn on the fish tank screensaver hey i know it's not hawaii but it's the best i've got what do you do to relax)
Participant,um a lot of times i'll watch t_v or read
Participant,um
Participant,yeah
Ellie,control_temper (how are you at controlling your temper)
Participant,i think i'm pretty good i don't really get mad i try to think about
Participant,other things if i start getting mad or um
Participant,i just start trying to focus on my breathing
Ellie,last_argument (when was the last time you argued with someone and what was it about)
Participant,i think the last time i argued with someone it was probably with my boyfriend
Participant,um but i'm having trouble remembering what the last thing we argued about was um
Participant,i think it was <wa> i wasn't feeling very well and i was having trouble deciding whether i wanted to go to his department's end of year party
Participant,and he was getting frustrated
Participant,which i thought was very inconsiderate 'cause i wasn't feeling well to begin with
Ellie,yeah_downer (yeah)
Ellie,describe_felt (how did you feel in that moment)
Participant,well i felt like he wasn't really taking my feelings into consideration and
Participant,i
Participant,really hate when he gets stressed out or gets angry easily because i just see that as unnecessary and it stresses me out
Ellie,isee_downer (i see)
Ellie,situation_handled (tell me about a situation that you wish you had handled differently)
Participant,hmm
Participant,i think a lot of times when my
Participant,oldest youngest brother or my oldest little brother
Participant,uh does something wrong i tend to be harsh with him um we're not as close
Participant,as my sister and i or my youngest brother and i
Participant,and so he tends to be hostile back and i think that if i were a little bit more gentle it might be easier to communicate with him
Ellie,okay_confirm (okay)
Ellie,memory_erase (tell me about an event or something that you wish you could erase from your memory)
Participant,hmm
Participant,um
Participant,when i was nineteen
Participant,i came home
Participant,from a party
Participant,i think around four a_m on a sunday morning and my dad got really mad at me and yelled at me said a lot of not very nice things
Participant,and then he didn't speak to me for about a year
Ellie,im_sorry (i'm sorry)
Ellie,family_relationship (tell me about your relationship with your family)
Participant,uh well my relationship with my mom is a lot better now that i don't live at home
Participant,um i used to be really frustrated with her all the time 'cause she has a really quick temper but i think now that i've got a little bit more distance i can see that she did the best that she could
Participant,um <sigh>
Participant,and i love my siblings i
Participant,again my little sister and i get along really well she's
Participant,four years younger than me
Participant,and when
Participant,when she was around twelve and i was around sixteen it was really difficult 'cause she had a really harsh temper and she was always moody and
Participant,i wasn't
Participant,in a place to be patient with that sort of stuff so we fought all the time but we don't anymore
Participant,and that's really great
Participant,and
Participant,we get along okay with my uh
Participant,my older little brother who's fifteen and i think i get along pretty well with my youngest brother who's twelve
Ellie,thats_good (that's good)
Ellie,influence_positive (who's someone that's been a positive influence in your life)
Participant,scrubbed_entry
Participant,one of the first not the first but one of my first philosophy professors and i really loved her classes and it was really good
Participant,uh being in a class with a professor who really cared and
Participant,who really engaged people that was really motivating since not all my classes were like that
Ellie,thats_great (that's great)
Ellie,easy_sleep (how easy is it for you to get a good night's sleep)
Participant,i think it's pretty easy i mean sometimes i'll have trouble going to sleep but
Participant,generally it's not that bad it's i think it's usually harder for me to wake up in the morning
Ellie,sleep_affects (what are you like when you don't sleep well)
Participant,um
Participant,well i'm really tired i can get grumpy
Participant,but i think usually i'm just
Participant,groggy
Ellie,okay_confirm (okay)
Ellie,feel_lately (how have you been feeling lately)
Participant,pretty good i'm a little anxious about
Participant,um
Participant,about getting a job and i'm gonna be taking summer school about
Participant,it's only one class so i'll have a lot of free time
Participant,um
Participant,yeah
Ellie,symptoms_cope (how do you cope with them)
Participant,<sigh> well
Participant,i mean it's not the end of the world if i don't get a job but i know that i will eventually so mostly i think i just try not to think about it too much and i try not to be pessimistic
Ellie,okay_confirm (okay)
Ellie,ptsd_diagnosed (have you ever been diagnosed with p_t_s_d)
Participant,no
Ellie,depression_diagnosed (have you been diagnosed with depression)
Participant,no
Ellie,happy_lasttime (tell me about the last time you felt really happy)
Participant,hmm
Participant,well i think the last time i felt really happy i
Participant,went to a party with my boyfriend the end of department party
Participant,and um
Participant,i was the you know i knew a couple people there so i felt comfortable but i was also able to meet new people
Participant,and there were a couple kids there splashing around in the pool and i had a couple drinks and ate some food and it was fun
Ellie,thats_great (that's great)
Ellie,BF_describe (how would your best friend describe you)
Participant,um she would probably say that
Participant,i'm smart and uh
Participant,pretty intellectual i love to read and to watch
Participant,really like serious films and t_v
Participant,um
Participant,and she would probably also say that i'm fun 'cause we like to go out and have fun a lot
Ellie,self_change (what are some things you wish you could change about yourself)
Participant,well i'm kinda <ki> i can be really disorganized and that gets me in trouble sometimes so
Participant,um so that's a major one that and procrastinating
Ellie,feelbadly (tell me about a time when someone made you feel really badly about yourself)
Participant,hmm
Participant,um i got into a little bit of trouble a few months back and had to go to court and was uh
Participant,uh given
Participant,eh
Participant,sixty some hours of community service and of course i procrastinated on doing that so i had to show up to court again to get an extension and the judge was
Participant,very mean and he didn't seem i mean he yelled at me but it didn't seem
Participant,like he gave it much thought it seemed like it was just sort of a stock
Participant,speech he gave everyone that he thought needed some yelling at so i understand 'cause that's his job
Participant,but it was
Participant,was not
Participant,great for me 'cause i wasn't i i was really anxious in that situation
Ellie,that_sucks (that sucks)
Ellie,advice_back (what advice would you give to yourself ten or twenty years ago)
Participant,well i would've been twelve
Participant,and two
Participant,um
Participant,but i think
Participant,i think i would've told myself at twelve not to be so hard on myself and not to be so hard on my parents 'cause i think
Participant,i was a little selfish and self-involved back then
Ellie,regret (is there anything you regret)
Participant,i can't really think of anything i mean i regret how i treated my mother when i was a kid but everyone does that and
Participant,um
Participant,i do regret
Participant,a couple of
Participant,semesters ago i didn't do so well in school and i got a
Participant,a few ws which i now have to work to get off on my transcript
Ellie,avoid (could you have done anything to avoid it)
Participant,i think so i'm
Participant,i think i
Participant,i wasn't focusing in school at that time
Participant,and i didn't see any counselors at school or anything so i definitely could've done that
Ellie,okay_confirm (okay)
Ellie,ideal_weekendC (tell me how you spend your ideal weekend)
Participant,hmm i think i'd probably spend my ideal weekend sleeping in saturday and then
Participant,going hiking or maybe just going to the duck pond by my house and feeding ducks and picking some oranges
Participant,and then maybe
Participant,going out to breakfast sunday and just like window shopping
Ellie,mhm (mhm)
Participant,and maybe watching a little bit of t_v
Ellie,Ellie17Dec2012_08 (what are you most proud of in your life)
Participant,huh
Participant,well my youngest brother is autistic and my mom and dad were always working when he was growing up
Participant,i'm ten years older than him so
Participant,and being the oldest i always i always took care of him which
Participant,made me really really patient because he was a handful but i'm really proud of how he turned out and
Participant,um and how close we are
Ellie,aw (aw)
Ellie,good_hear (that's so good to hear)
Ellie,asked_everything (okay i think i have asked everything i need to)
Ellie,appreciate_open (thanks for sharing your thoughts with me)
Ellie,bye (goodbye)
